id,社名
0,(株) バンダイナムコＨＤ
1,(株)あおぞら銀行
2,(株)ふくおかＦＧ
3,(株)みずほＦＧ
4,(株)りそなＨＤ
5,(株)アドバンテスト
6,(株)アマダ
7,(株)クボタ
8,(株)クラレ
9,(株)クレディセゾン
10,(株)コンコルディア・ＦＧ
11,(株)サイバーエージェント
12,(株)ジェイテクト
13,(株)ジーエス・ユアサ Co
14,(株)スカパーＪＳＡＴ ＨＤ
15,(株)セブン＆アイ・ＨＤ
16,(株)ディー・エヌ・エー
17,(株)デンソー
18,(株)トクヤマ
19,(株)ニコン
20,(株)ニチレイ
21,(株)ファミリーマート
22,(株)ファーストリテイリング
23,(株)フジクラ
24,(株)ブリヂストン
25,(株)リクルートＨＤ
26,(株)リコー
27,(株)三井住友ＦＧ
28,(株)三井Ｅ＆Ｓ ＨＤ
29,(株)三菱ケミカルＨＤ
30,(株)三菱ＵＦＪ ＦＧ
31,(株)三越伊勢丹ＨＤ
32,(株)丸井グループ
33,(株)千葉銀行
34,(株)商船三井
35,(株)大和証券グループ本社
36,(株)大林組
37,(株)安川電機
38,(株)小松製作所
39,(株)新生銀行
40,(株)日本製鋼所
41,(株)日清製粉グループ本社
42,(株)日立製作所
43,(株)神戸製鋼所
44,(株)荏原製作所
45,(株)資生堂
46,(株)長谷工コーポレーション
47,(株)電通グループ
48,(株)静岡銀行
49,(株)高島屋
50,(株)ＩＨＩ
51,(株)ＮＴＴデータ
52,(株)ＮＴＴドコモ
53,(株)ＳＣＲＥＥＮ ＨＤ
54,(株)ＳＵＢＡＲＵ
55,(株)ＳＵＭＣＯ
56,(株)Ｔ＆Ｄ ＨＤ
57,いすゞ自動車(株)
58,アサヒグループＨＤ(株)
59,アステラス製薬(株)
60,アルプスアルパイン(株)
61,イオン(株)
62,エムスリー(株)
63,エーザイ(株)
64,オムロン(株)
65,オリンパス(株)
66,オークマ(株)
67,カシオ計算機(株)
68,キッコーマン(株)
69,キヤノン(株)
70,キリンＨＤ(株)
71,コナミＨＤ(株)
72,コニカミノルタ(株)
73,コムシスＨＤ(株)
74,サッポロＨＤ(株)
75,シチズン時計(株)
76,スズキ(株)
77,セイコーエプソン(株)
78,セコム(株)
79,ソニー(株)
80,ソニーフィナンシャルＨＤ(株)
81,ソフトバンクグループ(株)
82,ダイキン工業(株)
83,テルモ(株)
84,デンカ(株)
85,トヨタ自動車(株)
86,トレンドマイクロ(株)
87,パナソニック(株)
88,ファナック(株)
89,マツダ(株)
90,マルハニチロ(株)
91,ミネベアミツミ(株)
92,ヤマトＨＤ(株)
93,ヤマハ(株)
94,ヤマハ発動機(株)
95,ユニチカ(株)
96,三井不動産(株)
97,三井住友トラスト・ＨＤ(株)
98,三井化学(株)
99,三井物産(株)
100,三井金属鉱業 (株)
101,三菱マテリアル(株)
102,三菱倉庫(株)
103,三菱商事(株)
104,三菱地所(株)
105,三菱自動車工業(株)
106,三菱重工業(株)
107,三菱電機(株)
108,中外製薬(株)
109,中部電力(株)
110,丸紅(株)
111,京セラ(株)
112,京成電鉄(株)
113,京王電鉄(株)
114,伊藤忠商事(株)
115,住友不動産(株)
116,住友化学(株)
117,住友商事(株)
118,住友大阪セメント(株)
119,住友重機械工業(株)
120,住友金属鉱山(株)
121,住友電気工業(株)
122,信越化学工業(株)
123,凸版印刷(株)
124,出光興産(株)
125,協和キリン(株)
126,双日(株)
127,古河電気工業(株)
128,味の素(株)
129,国際石油開発帝石(株)
130,塩野義製薬(株)
131,大和ハウス工業(株)
132,大塚ＨＤ(株)
133,大平洋金属(株)
134,大成建設(株)
135,大日本住友製薬(株)
136,大日本印刷(株)
137,大阪ガス(株)
138,太平洋セメント(株)
139,太陽誘電(株)
140,宇部興産(株)
141,宝ＨＤ(株)
142,富士フイルムＨＤ(株)
143,富士通(株)
144,富士電機(株)
145,小田急電鉄(株)
146,川崎汽船(株)
147,川崎重工業(株)
148,帝人(株)
149,新日鐵住金(株)
150,日揮ＨＤ(株)
151,日本たばこ産業(株)
152,日本ガイシ(株)
153,日本ハム(株)
154,日本化薬(株)
155,日本曹達(株)
156,日本板硝子(株)
157,日本水産(株)
158,日本精工(株)
159,日本製紙(株)
160,日本軽金属ＨＤ(株)
161,日本通運(株)
162,日本郵政(株)
163,日本郵船(株)
164,日本電信電話(株)
165,日本電気(株)
166,日本電気硝子(株)
167,日東電工(株)
168,日清紡ＨＤ(株)
169,日産化学(株)
170,日産自動車(株)
171,日立建機(株)
172,日立造船(株)
173,日野自動車(株)
174,旭化成(株)
175,明治ＨＤ(株)
176,昭和電工(株)
177,本田技研工業(株)
178,東ソー(株)
179,東レ(株)
180,東京エレクトロン(株)
181,東京ガス(株)
182,東京建物(株)
183,東京急行電鉄(株)
184,東京海上ＨＤ(株)
185,東京電力ＨＤ(株)
186,東宝(株)
187,東急不動産ＨＤ(株)
188,東日本旅客鉄道(株)
189,東武鉄道(株)
190,東洋紡(株)
191,東洋製罐グループＨＤ(株)
192,東海カーボン(株)
193,東海旅客鉄道(株)
194,東邦亜鉛(株)
195,松井証券(株)
196,横河電機(株)
197,横浜ゴム(株)
198,武田薬品工業(株)
199,沖電気工業(株)
200,清水建設(株)
201,王子ＨＤ(株)
202,積水ハウス(株)
203,第一三共(株)
204,第一生命ＨＤ(株)
205,花王(株)
206,西日本旅客鉄道(株)
207,豊田通商(株)
208,野村ＨＤ(株)
209,関西電力(株)
210,鹿島建設(株)
211,ＡＧＣ(株)
212,ＡＮＡ ＨＤ(株)
213,ＤＩＣ(株)
214,ＤＯＷＡ ＨＤ(株)
215,Ｊ．フロントリテイリング(株)
216,ＪＦＥ ＨＤ(株)
217,ＪＸＴＧ ＨＤ(株)
218,ＫＤＤＩ(株)
219,ＭＳ＆ＡＤｲﾝｼｭｱﾗﾝｽGHD(株)
220,ＮＴＮ(株)
221,ＳＯＭＰＯ ＨＤ(株)
222,ＴＤＫ(株)
223,ＴＯＴＯ(株)
224,Ｚホールディングス(株)
